<?xml version="1.0" encoding="UTF-8"?>
<!DOCTYPE mapper PUBLIC "-//mybatis.org//DTD Mapper 3.0//EN" "http://mybatis.org/dtd/mybatis-3-mapper.dtd">
<mapper namespace="com.docmall.mapper.ProductMapper">

	<select id="mainCategory" resultType="com.docmall.domain.CategoryVO">
		select cate_code_pk, cate_code_prt, cate_name from category_tbl where cate_code_prt is null
	</select>
	
	<select id="subCategory" resultType="com.docmall.domain.CategoryVO">
		select cate_code_pk, cate_code_prt, cate_name from category_tbl where cate_code_prt = #{cate_code_pk}
	</select>
	
	<select id="getListWithPaging" resultType="com.docmall.domain.ProductVO">
		 <![CDATA[
			 select pdt_num_pk, cate_code, cate_code_prt, pdt_name, pdt_price, pdt_discount, pdt_company, pdt_detail, pdt_img, pdt_amount, pdt_buy, pdt_date_sub, pdt_date_up
		  	 from 
		      (
		      select /*+INDEX_DESC(product_tbl SYS_C007541) */
		        rownum rn,  pdt_num_pk, cate_code, cate_code_prt, pdt_name, pdt_price, pdt_discount, pdt_company, pdt_detail, pdt_img, pdt_amount, pdt_buy, pdt_date_sub, pdt_date_up
		      from 
		        product_tbl
		        where rownum <= #{cri.pageNum} * #{cri.amount} and cate_code = #{cate_code}
		        
		      )
		
		  where rn > (#{cri.pageNum} -1) * #{cri.amount} 
		]]>
	</select>
	
	<select id="getTotalCount" resultType="int">
	  select count(*) from product_tbl where cate_code = #{cate_code}
	</select>
	
	<select id="get" resultType="com.docmall.domain.ProductVO">
		select pdt_num_pk, cate_code, cate_code_prt, pdt_name, pdt_price, pdt_discount, pdt_company, pdt_detail, pdt_img, pdt_amount, pdt_buy, pdt_date_sub, pdt_date_up from product_tbl
where pdt_num_pk = #{pdt_num_pk}
	</select>
	
	<select id="mainProductList" resultType="com.docmall.domain.ProductVO">
		 <![CDATA[
		
		select pdt_num_pk, cate_code, cate_code_prt, pdt_name, pdt_price, pdt_discount, pdt_company, pdt_detail, pdt_img, pdt_amount, pdt_buy, pdt_date_sub, pdt_date_up
		from product_tbl where rownum <= 4 and cate_code_prt = #{cate_code_prt}
		]]>
	</select>
	
</mapper>