<?xml version="1.0" encoding="UTF-8"?>
<!DOCTYPE mapper PUBLIC "-//mybatis.org//DTD Mapper 3.0//EN" "http://mybatis.org/dtd/mybatis-3-mapper.dtd">
<mapper namespace="com.docmall.mapper.ReviewMapper">

	<insert id="write">
		insert into  review_tbl(rv_num, mem_id, pdt_num, rv_content, rv_score)
		values(seq_review_tbl.nextval, #{mem_id}, #{pdt_num}, #{rv_content}, #{rv_score})
	</insert>
	
	<select id="getListWithPaging" resultType="com.docmall.domain.ReviewVO">
		 <![CDATA[
		 select  rn, rv_num, mem_id, pdt_num, rv_content, rv_score,rv_date_reg
		 from 
		    (
		     select /*+INDEX_DESC(review_tbl SYS_C007055) */ rownum rn, rv_num, mem_id, pdt_num, rv_content, rv_score,rv_date_reg
		     from review_tbl
		     where pdt_num = #{pdt_num}  
		     and rownum <= #{cri.pageNum} * #{cri.amount}
		     ) where rn > (#{cri.pageNum} -1) * #{cri.amount}
		 ]]> 
	</select>
	
	<select id="getCountBypdtnum" resultType="int">
		select count(rv_num) from review_tbl where pdt_num = #{pdt_num}
	</select>
	
	<update id="modify">
		update review_tbl set rv_content = #{rv_content}, rv_score = #{rv_score} where rv_num = #{rv_num}
	</update>
	
	<delete id="delete">
		delete from review_tbl where rv_num = #{rv_num}
	</delete>
</mapper>