<?xml version="1.0" encoding="UTF-8"?>
<beans xmlns="http://www.springframework.org/schema/beans"
	xmlns:xsi="http://www.w3.org/2001/XMLSchema-instance"
	xmlns:tx="http://www.springframework.org/schema/tx"
	xmlns:mybatis-spring="http://mybatis.org/schema/mybatis-spring"
	xmlns:context="http://www.springframework.org/schema/context"
	xsi:schemaLocation="http://mybatis.org/schema/mybatis-spring http://mybatis.org/schema/mybatis-spring-1.2.xsd
		http://www.springframework.org/schema/beans https://www.springframework.org/schema/beans/spring-beans.xsd
		http://www.springframework.org/schema/context http://www.springframework.org/schema/context/spring-context-4.3.xsd
		http://www.springframework.org/schema/tx http://www.springframework.org/schema/tx/spring-tx-4.3.xsd">
	
	<!-- Root Context: defines shared resources visible to all other web components -->
	
	<bean id="hikariConfig" class="com.zaxxer.hikari.HikariConfig">
		<!--  서버 배포용으로 사용
		<property name="driverClassName" value="oracle.jdbc.OracleDriver" />
		<property name="jdbcUrl" value="jdbc:oracle:thin:@localhost:1521:XE" />
		--> 
		<!-- log4jdbc-log4j2 설정 -->
		<!-- 개발용으로 사용.sql 상세로그출력. 성능이 떨어짐-->
		<property name="driverClassName" value="net.sf.log4jdbc.sql.jdbcapi.DriverSpy" />
		<property name="jdbcUrl" value="jdbc:log4jdbc:oracle:thin:@localhost:1521:xe" />
		 
		<property name="username" value="docmall" />
		<property name="password" value="docmall" />
	</bean>
	
	<!-- constructor-arg엘리먼트는 생성자메서드를 가리킴 -->
	 
	<bean id="dataSource" class="com.zaxxer.hikari.HikariDataSource" destroy-method="close">
		<constructor-arg ref="hikariConfig" />
	</bean>
	
	
	<!-- Mybatis에서는 SQLSession, SQLSessionFactory 이 2가지 핵심개체. -->
	<bean id="sqlSessionFactory" class="org.mybatis.spring.SqlSessionFactoryBean">
		<property name="dataSource" ref="dataSource"></property>
		
		<!-- xml mapper파일을 참조하는 설정구문이 없다.이유는 mapper interface가 xml mapper파일을 내부적으로 참조하는 기능이 존재하는 규칙  -->
	</bean>	
	
	<!-- id="sqlSession" class="org.mybatis.spring.SqlSessionTemplate"  구문 설정이 안되어있음 -->
	<!-- xml mapper파일의 sql구문을 실행하는 기능을 mapper inteface메서드에서 담당 -->
	 
	<bean id="transactionManager"
    class="org.springframework.jdbc.datasource.DataSourceTransactionManager">
    	<property name="dataSource" ref="dataSource"></property>
  	</bean>  
	
	<tx:annotation-driven />
	
	<!-- Root Context: defines shared resources visible to all other web components -->
	
	<mybatis-spring:scan base-package="com.docmall.mapper"/>
	
	<context:component-scan base-package="com.docmall.service" />
	
	
	<!-- Gmail SMTP 설정 : 보안설정등급을 낮게해야 한다.-->
	
	<bean id="mailSender" class="org.springframework.mail.javamail.JavaMailSenderImpl">
		<property name="host"  value="smtp.gmail.com" />
		<property name="port" value="587"></property>
		<property name="username" value="doccomsa69@gmail.com"></property>
		<property name="password" value="123456789"></property>
		<property name="javaMailProperties">
			<props>
				<prop key="mail.smtp.auth">true</prop>
				<prop key="mail.smtp.starttls.enable">true</prop>
			</props>
		</property>
	</bean>
	
			
</beans>
